{
  "ICA": {
    "mean_sinr": -20.0,
    "std_sinr": 0.0
  },
  "NMF": {
    "mean_sinr": -15.0,
    "std_sinr": 0.0
  },
  "CNN-LSTM": {
    "best_sinr": -Infinity,
    "train_losses": [
      1.0116007700562477,
      1.0025130864232779,
      1.0013624466955662
    ]
  },
  "Conv-TasNet": {
    "best_sinr": -54.06817179918289,
    "train_losses": [
      58.15281355381012,
      55.234740018844604,
      54.40423858165741
    ]
  },
  "DPRNN": {
    "best_sinr": -Infinity,
    "train_losses": [
      NaN,
      NaN,
      NaN
    ]
  }
}